{"type": "block", "layer": 1, "block": 0, "features": [{"geom": {"pts": [[-49.524241589263184, -29.62054500343516, 0.0]], "r": 0.9622179412082114}, "mtl": 0, "prop": ["1", "29922899", "Pokhara", "city", "200000"], "lh": 0.019129581336147342}, {"geom": {"pts": [[-38.90853901738331, -40.96901730180499, 1.1827439276527119]], "r": 0.9622179412082114}, "mtl": 0, "prop": ["21", "249399402", "Nepal", "country", "29519114"], "lh": 0.019129581336147342}, {"geom": {"pts": [[22.661312334969384, -32.287730598113356, 3.662916682120042]], "r": 0.9622179412082114}, "mtl": 0, "prop": ["659", "1782682847", "Barpak", "town", "15000"], "lh": 0.019129581336147342}]}